Index,Category,1-depth,2-depth,3-depth,Component,Description,Featured,Data,Comment
,,,,,,,,,
,,,,,[공통 레이아웃],,,,
1,공통,TopBar,,,로고 (AX Flow),AX Flow 로고 아이콘 + 텍스트. 클릭 시 채팅 화면으로 이동,Y,,모든 화면 좌상단 고정
2,공통,TopBar,,,브레드크럼,현재 위치 계층 경로 표시 (예: 라이브러리 / 문서),Y,,화면 전환 시 자동 갱신
3,공통,TopBar,,,알림 벨,미확인 알림 빨간 점(dot) 표시. 클릭 시 알림 드롭다운,Y,,OCR 검수 대기 / 파이프라인 오류 등
4,공통,Sidebar,채팅 그룹,,채팅 메뉴,"채팅 메뉴 + 하위 최근 대화 이력 3건 서브 아이템",Y,,기본 활성 메뉴
5,공통,Sidebar,채팅 그룹,,최근 대화 서브 아이템,"최근: 인쇄 불량 분석... / 최근: 장비 매뉴얼 요약 / 최근: SOP 개정 이력...",,,클릭 시 해당 대화 세션 복원
6,공통,Sidebar,라이브러리 그룹,,문서 메뉴,문서 관리 화면으로 이동,,,
7,공통,Sidebar,라이브러리 그룹,,자료 메뉴,OCR 문서양식 관리 화면으로 이동,,,
8,공통,Sidebar,라이브러리 그룹,,데이터베이스 메뉴,데이터베이스 화면으로 이동,,,
9,공통,Sidebar,라이브러리 그룹,,지식그래프 메뉴,지식 그래프 화면으로 이동,,,
10,공통,Sidebar,설정 그룹,,관리 및 설정 메뉴,도메인 / MCP / Tool 관리 화면으로 이동,,,구분선 하단에 위치
11,공통,Sidebar,설정 그룹,,파이프라인 메뉴,파이프라인(파싱/청킹/전체모니터) 화면으로 이동,,,
12,공통,Sidebar,설정 그룹,,운영 모니터링 메뉴,토큰 비용 / 성능 평가 화면으로 이동,,,
13,공통,Sidebar,설정 그룹,,에이전트 메뉴,에이전트 관리 / A/B 테스트 화면으로 이동,,,
14,공통,Sidebar,설정 그룹,,권한/RBAC 메뉴,권한 등급 / 접근 범위 / 감사 로그 화면으로 이동,,,
15,공통,Sidebar,사용자 정보,,사용자 프로필,"아바타(이니셜 K) / 이름(김관리) / 역할(Admin) 표시",,,Sidebar 최하단 고정
,,,,,,,,,
,,,,,[채팅],,,,
16,채팅,채팅,,,,,,,
17,채팅,채팅,채팅 영역 (좌측),,검색 모드 셀렉트,로컬 검색 / 글로벌 검색 / 하이브리드(자동),Y,,기본값: 로컬 검색
18,채팅,채팅,채팅 영역 (좌측),,대화 초기화 버튼,현재 대화 컨텍스트 초기화,,,확인 다이얼로그 후 실행
19,채팅,채팅,채팅 영역 (좌측),,사용자 메시지,우측 정렬 말풍선. 사용자가 입력한 질문 표시,Y,,"예시: ""인쇄 공정에서 잉크 점도 기준은 어떻게 되나요?"""
20,채팅,채팅,채팅 영역 (좌측),,AI 응답 메시지,"좌측 정렬 말풍선(아바타 Ax 포함). 마크다운 서식 / 표 렌더링 지원",Y,,"예시: 잉크 점도 규격 25±3 cP, 불량 유형별 대응 절차 등"
21,채팅,채팅,채팅 영역 (좌측),,근거 문서 인용 블록,"AI 답변 하단 — 참조 문서명 + 절/청크# 표시",Y,,"예시: 장비매뉴얼_프린터_v2.pdf (3.1절, 청크 #7)"
22,채팅,채팅,채팅 영역 (좌측),,피드백 버튼 (👍 / 👎),각 AI 답변마다 좋아요/아쉬워요 평가 수집,Y,,사용자 피드백 루프 연동
23,채팅,채팅,채팅 영역 (좌측),,피드백 안내 메시지,"답변이 도움이 되었나요? 피드백을 남겨주시면 서비스 개선에 도움이 됩니다.",,,각 답변 하단에 표시
24,채팅,채팅,채팅 영역 (좌측),,검색 방식 태그,"Vector(0.65) / Graph(0.35) 비중 + 검색 타입(Local/Global) + 응답시간 + 토큰 수",,,예시: 응답 1.2초 / 토큰 847
25,채팅,채팅,채팅 영역 (좌측),,채팅 입력 바,📎 파일 첨부 버튼 + 텍스트 입력 + 전송 버튼,Y,,Enter 키 또는 전송 클릭
26,채팅,채팅,답변 근거 패널 (우측),,추론 경로 (Graph Path),답변 생성에 사용된 노드 간 이동 경로를 태그 체인으로 시각화,Y,,"예시: 인쇄 불량 → 잉크 점도 → 장비매뉴얼_v2 → Ch.5 트러블슈팅"
27,채팅,채팅,답변 근거 패널 (우측),,관련 그래프 미니맵,"관련 노드/엣지를 소형 인터랙티브 그래프로 렌더링",,,"노드 5개 예시: 인쇄 불량 / 잉크 점도 / 인쇄공정 / SOP_인쇄 / 프린터 헤드"
28,채팅,채팅,답변 근거 패널 (우측),,현재 참조 중인 자료 목록,"사용자가 명시적으로 첨부한 파일 / 라이브러리 문서 / 웹링크. 항목별 × 제거 가능",Y,,"예시: 불량분석_2026Q1_보고서.xlsx / SOP_인쇄공정_v3.docx / ISO 62264 웹링크"
29,채팅,채팅,답변 근거 패널 (우측),,참조된 청크 목록,"RAG 검색 결과 청크 — 문서명 / 청크# / 본문 발췌 / 유사도 점수 / 원본 보기 버튼",Y,,"예시: 장비매뉴얼_v2 청크#12 유사도 0.94 / SOP_인쇄공정_v3 청크#8 유사도 0.91"
,,,,,,,,,
,,,,,[문서],,,,
30,라이브러리,문서,,,,,,,
31,라이브러리,문서,문서 목록,,검색 박스,문서 제목 / 작성자 / 키워드 통합 검색,Y,,
32,라이브러리,문서,문서 목록,,상태 필터 (셀렉트),모든 상태 / 업로드됨 / 파싱 중 / 검수 필요 / 완료 / 오류,Y,,기본값: 모든 상태
33,라이브러리,문서,문서 목록,,포맷 필터 (셀렉트),모든 포맷 / PDF / DOCX / HWP / XLSX,,,기본값: 모든 포맷
34,라이브러리,문서,문서 목록,,분류 필터 (셀렉트),모든 분류 / 장비매뉴얼 / SOP / 품질보고서 / 검사기준서,,,기본값: 모든 분류
35,라이브러리,문서,문서 목록,,문서 업로드 버튼,"+ 문서 업로드 클릭 → 파이프라인 화면으로 이동",Y,,
36,라이브러리,문서,문서 목록,,문서 목록 테이블,"체크박스 / 문서명 / 포맷 / 분류 / 상태 / 청크 수 / 노드·엣지 수 / 작성자 / 등록일",Y,,"예시 7건: 장비매뉴얼_프린터_v2.pdf(완료) / SOP_인쇄공정_v3.docx(완료) / 품질보고서_2026Q1.pdf(파싱 중) / 설비점검_SOP_v3.docx(검수 필요) / 원자재검사기준.xlsx(오류) / SOP_사출공정_v5.hwp(업로드됨) / 배치기록서_LOT2026-0312.pdf(완료)"
37,라이브러리,문서,문서 목록,,페이지네이션,"7건 / 전체 127건 카운트 + 이전/1/2/3/다음 페이지 버튼",,,
38,라이브러리,문서,문서 상세,,← 목록 버튼,문서 목록으로 복귀,,,
39,라이브러리,문서,문서 상세,,문서 제목 + 메타 정보,"파일명 / 작성자 / 등록일 / 처리 상태 배지",,,예시: 장비매뉴얼_프린터_v2.pdf / 박QA팀장 / 2026-03-01
40,라이브러리,문서,문서 상세,,다운로드 버튼,원본 문서 파일 다운로드,,,
41,라이브러리,문서,문서 상세,,재처리 버튼,파이프라인 재실행,,,
42,라이브러리,문서,문서 상세,,삭제 버튼,문서 삭제 (확인 다이얼로그 필수),,,참조 중인 그래프 노드 있으면 경고
43,라이브러리,문서,문서 상세,원본보기 탭,원본 문서 뷰어,"PDF/문서 페이지 렌더링. 줌(−/+) / 페이지 이동(12/48)",Y,,
44,라이브러리,문서,문서 상세,원본보기 탭,문서 정보 사이드패널,"파일명 / 포맷(PDF) / 크기(4.2MB) / 페이지(48) / 청크 수(24) / 추출 노드(47) / 추출 엣지(68)",,,
45,라이브러리,문서,문서 상세,원본보기 탭,처리 파이프라인 상태,"파싱→청킹→OCR→추출→적재 5단계 완료/진행 상태 + 각 단계 소요시간",,,예시: 파싱 완료(1분 23초) / 청킹 완료(42초)
46,라이브러리,문서,문서 상세,원본보기 탭,변경 이력 타임라인,"그래프 구축 완료 / OCR 검수 완료(박QA팀장) / 파싱 완료 / 문서 업로드",,,시간순 역순 표시
47,라이브러리,문서,문서 상세,OCR/문서양식 탭,좌우 대조 뷰 (Split View),"좌: 원본 이미지(페이지 12) / 우: 추출 텍스트(편집 가능)",Y,,"OCR 오인식 예시: 겨리→격리, CP→cP, PH→pH"
48,라이브러리,문서,문서 상세,OCR/문서양식 탭,보정 적용 버튼,수정된 텍스트 저장 후 파이프라인 다음 단계 진행,,,
49,라이브러리,문서,문서 상세,메타데이터 탭,자동 추출 메타데이터 폼,"문서 제목 / 작성자 / 생성일(date) / 문서 분류(셀렉트) / 도메인(셀렉트) / 문서양식 매칭(셀렉트)",Y,,"예시: 장비매뉴얼_type1 (자동 감지)"
50,라이브러리,문서,문서 상세,메타데이터 탭,자동 추출 키워드,"태그 형태 키워드 목록 + 추가 입력 필드",,,예시: #원자재 #규격 #판정기준 #보관조건 #잉크점도 등 10개
51,라이브러리,문서,문서 상세,메타데이터 탭,문서 통계,"총 페이지(48) / 총 문자 수(24,512) / 표 개수(8) / 이미지 개수(12) / 청크 수(24) / 평균 청크 크기(198 tokens) / OCR 오인식률(0.3%)",,,
52,라이브러리,문서,문서 상세,메타데이터 탭,저장 / 초기화 버튼,메타데이터 변경 저장 / 자동 추출값으로 초기화,,,
53,라이브러리,문서,문서 상세,그래프 연결 탭,추출된 엔티티 테이블,"엔티티명 / 타입(장비·원자재·공정·이슈·규정) / 신뢰도 / 관계 수",Y,,"예시 6건: 프린터 헤드(장비/0.95/8) / 잉크 점도(원자재/0.92/5) / 입고 검사(공정/0.91/6) / 인쇄 불량(이슈/0.88/12) / 보관 조건(규정/0.87/3) / 유효기간(규정/0.85/2)"
54,라이브러리,문서,문서 상세,그래프 연결 탭,주요 관계 목록,"노드A → 관계 → 노드B 형태로 표시",,,예시: 프린터 헤드 →사용→ 잉크 / 인쇄 불량 →원인→ 잉크 점도
55,라이브러리,문서,문서 상세,그래프 연결 탭,미니 그래프 미리보기,이 문서에서 추출된 주요 노드/엣지 소형 그래프,,,노드 5개 시각화
56,라이브러리,문서,문서 상세,그래프 연결 탭,그래프 탐색기에서 보기 버튼,지식 그래프 화면 그래프 탐색기 탭으로 이동,,,47개 노드 / 68개 엣지
,,,,,,,,,
,,,,,[자료 (OCR 문서양식)],,,,
57,라이브러리,자료 (OCR 문서양식),,,,,,,
58,라이브러리,자료 (OCR 문서양식),양식 목록 패널 (좌측),,양식 목록,"문서 양식 템플릿 목록. 선택 시 우측 상세 표시",Y,,"예시: 장비매뉴얼_type1(Active) / SOP_type1(Active) / 배치기록_type1(Active) / 검사서_type1(Draft)"
59,라이브러리,자료 (OCR 문서양식),양식 목록 패널 (좌측),,신규 양식 버튼,+ 신규 양식 — 새 문서 양식 템플릿 생성,,,
60,라이브러리,자료 (OCR 문서양식),양식 상세 패널 (우측),,양식 헤더,"양식명 + Active/Draft 배지 + 편집 / 복제 / 삭제 버튼",,,
61,라이브러리,자료 (OCR 문서양식),양식 상세 패널 (우측),,연결된 파일 테이블,"이 양식이 적용된 문서 파일 목록 (파일명 / 페이지 수 / 상태)",Y,,"예시: 장비매뉴얼_프린터_v2.pdf(48p/완료) / 장비매뉴얼_롤러_v1.pdf(32p/완료) / 장비매뉴얼_코터_v1.pdf(18p/검수 중) 외 3건. 총 7건"
62,라이브러리,자료 (OCR 문서양식),양식 상세 패널 (우측),,표지/제목 규칙 설정,"제목 계층 구조 셀렉트(2단계/3단계/4단계) / 표기 기준 셀렉트(숫자 기반/한글 기반/혼합)",,,기본값: 3단계 / 숫자 기반
63,라이브러리,자료 (OCR 문서양식),양식 상세 패널 (우측),,검출 유형 토글,"헤더·꼬리말(ON) / 페이지 번호(ON) / 표 구조(ON) / 이미지·캡션(ON) / 수식(OFF)",,,5개 항목 각각 ON/OFF
64,라이브러리,자료 (OCR 문서양식),양식 상세 패널 (우측),,스캔 시작 단어 패턴,"OCR 스캔 시작 키워드 입력 (예: 목차 / 서론 / 제1장)",,,
65,라이브러리,자료 (OCR 문서양식),양식 상세 패널 (우측),,문서 미리보기,"선택 양식이 적용된 페이지 렌더링. 표 구조 하이라이트(노란 테두리) / 자동 매핑 영역 하이라이트(파란 테두리)",Y,,
,,,,,,,,,
,,,,,[데이터베이스],,,,
66,라이브러리,데이터베이스,,,,,,,
67,라이브러리,데이터베이스,DB 목록 사이드바 (좌측),,데이터베이스 목록,"DB별 이름 / 항목 수 / 필드 수 표시. 선택 시 우측 테이블 표시",Y,,"예시: 설비 관리 대장(24/8) / 원자재 입고 이력(156/12) / 불량 유형 코드(42/6) / SOP 개정 이력(89/9) / 공정 파라미터(18/14)"
68,라이브러리,데이터베이스,DB 목록 사이드바 (좌측),,새 DB 버튼,+ 새 DB — 새 데이터베이스 생성,,,
69,라이브러리,데이터베이스,DB 목록 사이드바 (좌측),,일괄 가져오기 버튼,CSV/JSON 파일로 데이터 일괄 가져오기,,,
70,라이브러리,데이터베이스,DB 목록 사이드바 (좌측),,일괄 내보내기 버튼,현재 DB 데이터를 CSV/JSON으로 내보내기,,,
71,라이브러리,데이터베이스,DB 상세 영역 (우측),,DB 헤더,"DB 이름 표시 + ""+ 업로드"" 버튼",,,예시: 설비 관리 대장
72,라이브러리,데이터베이스,DB 상세 영역 (우측),,검색 바,항목 텍스트 검색,,,
73,라이브러리,데이터베이스,DB 상세 영역 (우측),,활성 필터 태그,"필터 조건을 태그로 표시. × 클릭 제거 / + 필터 추가 버튼",,,"예시: 상태 = 가동중 / 점검일 < 30일"
74,라이브러리,데이터베이스,DB 상세 영역 (우측),,정렬 셀렉트,설비명↑ / 최근 점검일 / 상태 / 등록일 기준 정렬,,,
75,라이브러리,데이터베이스,DB 상세 영역 (우측),,데이터 테이블,"체크박스 / 설비명(Aa) / 설비코드(Aa) / 공정(#) / 상태(#) / 최근 점검일(📅) / 다음 점검(📅) / 담당자(Aa) / 관련 문서(🔗)",Y,,"예시 6건: 오프셋 인쇄기 A-1(가동중) / UV 건조기 B-2(가동중) / 잉크 교반기 C-1(점검중) / CTP 출력기 D-1(가동중) / 재단기 E-2(고장/지연) / 코팅기 F-1(가동중)"
76,라이브러리,데이터베이스,DB 상세 영역 (우측),,페이지네이션,"1 - 6 / 24 + 이전/다음",,,
,,,,,,,,,
,,,,,[지식그래프],,,,
77,라이브러리,지식그래프,,,,,,,
78,라이브러리,지식그래프,그래프 탐색기 탭,,,,,,
79,라이브러리,지식그래프,그래프 탐색기 탭,그래프 캔버스 (좌측),노드 검색 입력,노드 이름으로 검색하여 포커스,Y,,
80,라이브러리,지식그래프,그래프 탐색기 탭,그래프 캔버스 (좌측),타입 필터 셀렉트,전체 타입 / 장비 / 공정 / 원자재 / 이슈,,,기본값: 전체 타입
81,라이브러리,지식그래프,그래프 탐색기 탭,그래프 캔버스 (좌측),2D / 3D 전환 버튼,그래프 렌더링 모드 전환,,,기본값: 2D
82,라이브러리,지식그래프,그래프 탐색기 탭,그래프 캔버스 (좌측),리셋 버튼,뷰 초기화 (줌/위치 리셋),,,
83,라이브러리,지식그래프,그래프 탐색기 탭,그래프 캔버스 (좌측),그래프 캔버스,"노드(draggable) + 엣지(SVG line) 인터랙티브 그래프. 줌인/아웃 / 패닝",Y,,"예시 노드 8개: 인쇄 불량(이슈) / 프린터 헤드(장비) / 잉크(원자재) / 인쇄공정(공정) / SOP_인쇄공정(문서) / 품질기준서_v2(문서) / 박QA팀장(작업자) / 설비점검(공정)"
84,라이브러리,지식그래프,그래프 탐색기 탭,그래프 캔버스 (좌측),범례 (Legend),"6개 노드 타입 색상: 이슈(빨강) / 장비(보라) / 공정(노랑) / 원자재(파랑) / 문서(초록) / 작업자(청록). 전체 노드 1,284 / 엣지 2,031 수치 표시",,,필터 / 전체보기 버튼
85,라이브러리,지식그래프,그래프 탐색기 탭,노드 상세 패널 (우측),선택된 노드 정보,"노드 ID(ISS-2026-0045) / 타입(이슈) / 생성일 / 출처 문서 / 신뢰도(0.92) / 관련 노드 수(7개)",Y,,예시: 인쇄 불량 노드 선택 상태
86,라이브러리,지식그래프,그래프 탐색기 탭,노드 상세 패널 (우측),속성 편집 폼,"이름 입력 / 타입 셀렉트(장비·공정·원자재·이슈·문서·작업자) / 설명 textarea",,,저장 / 삭제 버튼
87,라이브러리,지식그래프,그래프 탐색기 탭,노드 상세 패널 (우측),연결된 엣지 목록,"선택 노드에 연결된 엣지를 A →관계→ B 형태 표시. + 엣지 추가 / 엣지 편집 버튼",,"예시 7건: 인쇄 불량→원인→잉크, 인쇄 불량→원인→프린터 헤드, 인쇄 불량→발생→인쇄공정 등",
88,라이브러리,지식그래프,그래프 탐색기 탭,노드 상세 패널 (우측),원본 추적,"원본 문서명 / 페이지 / 청크# / 본문 발췌. ""원본 문서로 이동"" 버튼",Y,,"예시: 장비매뉴얼_프린터_v2.pdf 페이지12 청크#7 / SOP_인쇄공정_v3.docx 페이지5 청크#3"
89,라이브러리,지식그래프,그래프 탐색기 탭,노드 상세 패널 (우측),오류 플래그,"그래프 무결성 오류 표시. 수정 / 연결 / 삭제 / 무시 버튼",,"예시 2건: ①순환 참조(인쇄불량→잉크→입고검사→인쇄불량), ②고립 노드(포장기_02 연결 없음)",
90,라이브러리,지식그래프,온톨로지 관리 탭,,,,,,
91,라이브러리,지식그래프,온톨로지 관리 탭,온톨로지 정의,엔티티 타입 테이블,"색상 / 이름 / 설명 / 노드 수. + 엔티티 타입 추가 / 편집 버튼",Y,,"예시 6건: 장비(218) / 공정(87) / 원자재(156) / 품질기준(134) / 작업자(42) / 이슈(95)"
92,라이브러리,지식그래프,온톨로지 관리 탭,온톨로지 정의,관계 타입 테이블,"이름 / 방향(단방향·양방향) / 설명 / 엣지 수. + 관계 타입 추가 / 편집 버튼",Y,,"예시 5건: 포함(412) / 원인(287) / 참조(534) / 수행(198) / 생산(143)"
93,라이브러리,지식그래프,온톨로지 관리 탭,추출 현황,엔티티/관계 추출 현황,"추출 엔티티(1,284) / 관계(2,031) / 평균 신뢰도(0.87) / 마지막 추출 시간 / 처리 문서(127건 중 118건 완료) / 추출 모델(GPT-4o 프롬프트 v3.2)",Y,,추출 실행 / 프롬프트 설정 버튼
94,라이브러리,지식그래프,온톨로지 관리 탭,실체 연결,병합 후보 목록,"동의어·약어·코드명 동일 대상 자동 감지. 병합 / 무시 버튼",Y,,"예시 4쌍: 인쇄기=프린터=PRN-01 / SOP=표준작업절차서=작업표준서 / QA팀=품질보증팀=품질관리팀 / 잉크점도=INK Viscosity=점도. 병합완료 23쌍 / 미처리 4쌍"
95,라이브러리,지식그래프,온톨로지 관리 탭,커뮤니티 감지,클러스터 테이블,"클러스터명 / 주요 노드 / 노드 수 / 밀도. 재분석 / 클러스터 상세 버튼",,,"예시 4건: 인쇄공정(218/0.78) / 원자재관리(156/0.72) / 품질검사(134/0.65) / 설비관리(98/0.61)"
96,라이브러리,지식그래프,온톨로지 관리 탭,요약 생성,요약 및 설명 생성 현황,"노드 설명 생성(1,198/1,284=93.3%) / 엣지 설명(1,847/2,031=90.9%) / 커뮤니티 요약(4/4=100%) / 벡터화 완료. 프로그레스 바",,,미완료 생성 / 전체 재생성 버튼
97,라이브러리,지식그래프,사전/매핑 탭,,,,,,
98,라이브러리,지식그래프,사전/매핑 탭,동의어 사전,동의어 테이블,"대표어 / 동의어 태그 / 적용 범위(전체·도메인별). + 동의어 추가 / 편집 버튼",Y,,"예시 6건: 프린터(인쇄기/PRN-01/Printer) / SOP(표준작업절차서/작업표준서) / 잉크 점도(INK Viscosity/점도) / 품질보증팀(QA팀/품질관리팀/QC팀) / 롤러(Roller/압착롤러/ROL-A) / 부적합(불합격/NG/Reject)"
99,라이브러리,지식그래프,사전/매핑 탭,불용어 관리,불용어 태그 목록,"불용어 태그 × 제거 + 추가 입력 필드",,,예시 12개: 페이지 / 그림 / 참고 / 번호 / 항목 / 이하 / 이상 / 다음 / 경우 / 기준 / 관련 / 해당
100,라이브러리,지식그래프,사전/매핑 탭,엔티티 매핑,매핑 규칙 테이블,"규칙명 / 정규식 패턴 / 매핑 대상 타입 / 활성·비활성 상태. + 규칙 추가 / 편집 버튼",,,"예시 4건: 장비코드매핑(/[A-Z]{3}-\d{2}/→장비/활성) / SOP문서매핑(/SOP_.+/→SOP/활성) / LOT번호매핑(/LOT\d{4}-\d{4}/→배치/활성) / 온도규격매핑(/\d+~\d+℃/→품질기준/비활성)"
101,라이브러리,지식그래프,변경 이력 탭,,,,,,
102,라이브러리,지식그래프,변경 이력 탭,이력 메인 (좌측),유형 필터 셀렉트,전체 유형 / 노드 추가 / 노드 수정 / 노드 삭제 / 엣지 추가 / 엣지 삭제,,,
103,라이브러리,지식그래프,변경 이력 탭,이력 메인 (좌측),기간 필터 셀렉트,최근 7일 / 최근 30일 / 전체,,,
104,라이브러리,지식그래프,변경 이력 탭,이력 메인 (좌측),변경 이력 테이블,"시간 / 작업자(시스템·사용자) / 유형(노드 추가·수정·삭제·엣지 추가·삭제·병합) / 대상 / 상세 / 롤백 버튼",Y,,"예시 8건: 설비점검_SOP 노드 추가(시스템) / 엣지 추가(시스템) / 인쇄 불량 설명 수정(박QA팀장) / 인쇄불량→설비점검 엣지 추가(박QA팀장) / 프린터+인쇄기 병합(시스템) / 잉크→포장기 엣지 삭제(이품질) / +147개 노드 일괄(시스템) / +203개 엣지 일괄(시스템)"
105,라이브러리,지식그래프,변경 이력 탭,이력 요약 (우측),이력 요약,"총 변경 수(842) / 수동 편집(67) / 자동 추출(741) / 실체 병합(23) / 롤백 횟수(11)",,,
106,라이브러리,지식그래프,변경 이력 탭,이력 요약 (우측),최근 7일 활동 타임라인,"일별 변경 요약 — 03-16 노드+2 엣지+3 / 03-15 수동편집 2건 / 03-14 병합1 삭제1 / 03-13 대규모추출 +147노드 +203엣지",,,
107,라이브러리,지식그래프,변경 이력 탭,이력 요약 (우측),스냅샷 관리,"버전별 스냅샷 목록 + 복원 버튼 + 스냅샷 저장 버튼",Y,,"예시: v3.2(03-16 09:30) / v3.1(03-13 17:00) / v3.0(03-01 12:00)"
,,,,,,,,,
,,,,,[관리 및 설정],,,,
108,설정,관리 및 설정,,,,,,,
109,설정,관리 및 설정,도메인관리 탭,,워크스페이스 테이블 (좌측),"도메인명 / 공장·부서 / 문서 수 / 노드 수 / 생성일 / 상태(Active·Setup). + 새 워크스페이스 버튼",Y,,"예시 3건: 인쇄공정 A공장품질팀(127/1,284/Active) / 포장공정 A공장포장팀(84/712/Active) / 품질관리 본사QA팀(23/156/Setup)"
110,설정,관리 및 설정,도메인관리 탭,,도메인 이름 / 소속 입력 (우측),"도메인 이름 입력 / 소속 공장·부서 입력",,,예시: 인쇄공정 / A공장 품질팀
111,설정,관리 및 설정,도메인관리 탭,,전용 인덱스,"전용 인덱스명 표시 (읽기전용)",,,예시: idx_print_qa
112,설정,관리 및 설정,도메인관리 탭,,프롬프트 페르소나 셀렉트,"제조 품질 전문가 v2 / 안전관리 어시스턴트 / 설비 진단 전문가",,,
113,설정,관리 및 설정,도메인관리 탭,,연결된 동의어 사전,"인쇄공정 전용 사전(42개 항목) / 공통 제조 사전(128개 항목). 각각 편집 버튼",,,
114,설정,관리 및 설정,도메인관리 탭,,접근 권한 그룹 토글,"팀별 접근 수준 ON/OFF. A공장 품질팀(전체접근/ON) / A공장 생산팀(읽기전용/ON) / 본사 QA팀(읽기전용/ON) / 외부 감사(제한적/OFF)",,,4개 그룹
115,설정,관리 및 설정,도메인관리 탭,,설정 저장 / 워크스페이스 삭제 버튼,"변경 저장 및 워크스페이스 삭제(확인 필요)",,,
116,설정,관리 및 설정,MCP 도구 관리 탭,,MCP 서버 목록 테이블,"서버명 / Type(HTTP·SSE) / Endpoint / Health(OK·Slow·Down) / 활성 토글. 새로고침 / + 등록 버튼",Y,,"예시 5건: Document Parser(HTTP/OK) / Graph Builder(SSE/OK) / n8n Workflow(HTTP/Slow) / 사내 DB 연동(HTTP/OK) / 외부 API Gateway(HTTP/Down·비활성)"
117,설정,관리 및 설정,MCP 도구 관리 탭,,신규 MCP 서버 등록 폼,"+ 등록 클릭 시 폼 표시. 서버 이름 / Type 셀렉트(HTTP·SSE·WebSocket) / Endpoint / 인증 방식(Bearer·API Key·OAuth·없음) / 인증 토큰(password) / 자동 동기화 토글(ON) / Health Check 자동 실행 토글(ON)",Y,,서버 등록 / 연결 테스트 / 닫기 버튼
118,설정,관리 및 설정,Tool 관리 탭,,Tool-use 제어 매트릭스,"Tool명 × Agent 매트릭스. 각 셀에 ON/OFF 토글. 변경사항 저장 버튼",Y,,"6 tools(document_search·graph_query·db_read·db_write·n8n_trigger·external_api) × 3 agents(품질관리·문서처리·검색)"
119,설정,관리 및 설정,Tool 관리 탭,,Tool Registry 테이블,"도구명(monospace) / 설명 / 소속 서버 / 상태(dot) / 활성 토글. 전체 동기화 / + 도구 등록 버튼",Y,,"예시 7건: document_search(문서 전문 검색/Parser/ON) / graph_query(지식 그래프 쿼리/Graph/ON) / embedding(텍스트 벡터 임베딩/Graph/ON) / db_read(사내 DB 읽기/ON) / db_write(사내 DB 쓰기/OFF) / n8n_trigger(워크플로 실행/OFF) / external_api(외부 API 호출/Down/OFF)"
,,,,,,,,,
,,,,,[파이프라인],,,,
120,설정,파이프라인,,,,,,,
121,설정,파이프라인,파싱 탭,,KPI 카드 (3개),"파싱 성공률(94.7% ▲+1.3%) / 파싱 실패 문서(5건/94건) / 평균 처리 시간(0.8초/페이지 목표1.5이하)",Y,,
122,설정,파이프라인,파싱 탭,,OCR 검수 Before/After,"좌: 원본 문서 이미지 / 우: 파싱 결과 텍스트 — 대조 비교",Y,,Split View
123,설정,파이프라인,파싱 탭,,파싱 오류 로그 테이블,"시간 / 문서명 / 오류 유형(표 인식 실패·파싱 실패) / 재처리·무시 버튼",,,기간 필터(오늘/7일/전체). 예시 2건
124,설정,파이프라인,파싱 탭,,파싱 설정 패널 (우측),"OCR 엔진 셀렉트(Tesseract·Clova OCR·Google Vision) / 포맷별 ON/OFF 토글(PDF·DOCX·HWP·XLSX/CSV)",,,기본값: Tesseract / 전체 ON
125,설정,파이프라인,파싱 탭,,구조 인식 옵션 토글,"표 구조 보존(ON) / 이미지·캡션 결합(ON) / 수식 인식(OFF) / 헤더·꼬리말 제외(ON)",,,
126,설정,파이프라인,청킹 탭,,KPI 카드 (3개),"청크 정확도(87.3% ▲+2.1%) / 오류 청크(23건/312건) / 처리 속도(1.2초/MB 목표2.0이하)",Y,,
127,설정,파이프라인,청킹 탭,,Before/After 비교,"좌: 기존 청킹(표 데이터가 두 청크로 분리→문맥 손실) / 우: 개선 청킹(표 전체가 하나의 청크로 보존)",Y,,
128,설정,파이프라인,청킹 탭,,단계별 오류 로그 테이블,"시간 / 문서명 / 오류 유형(표 인식 실패·배선 관계 누락·이미지 캡션 누락·파싱 실패) / 재처리·확인·무시 버튼",,,기간 필터. 예시 4건
129,설정,파이프라인,청킹 탭,,청크 설정 패널 (우측),"방식 셀렉트(의미 기반 Semantic·고정 토큰·문단 기준) / 최대 토큰 입력(512) / 오버랩 입력(50)",,,기본값: 의미 기반 / 512 / 50
130,설정,파이프라인,청킹 탭,,평가 로그 타임라인,"청크 완료(87.3%/42초) / 표 구조 경고 / 파싱 고정 완료 / 청크 오류(이미지·캡션 분리 오류) 시간순 로그",,,
131,설정,파이프라인,청킹 탭,,구조 인식 옵션 토글,"표 구조 보존(ON) / 이미지·캡션 결합(ON) / 수식 인식(OFF) / 헤더·꼬리말 제외(ON)",,,파싱 탭과 동일 항목
132,설정,파이프라인,전체모니터 탭,,상태 필터 셀렉트,전체 상태 / 진행 중 / 실패 / 완료,,,
133,설정,파이프라인,전체모니터 탭,,기간 필터 셀렉트,오늘 / 최근 7일 / 최근 30일,,,
134,설정,파이프라인,전체모니터 탭,,파이프라인 상태 테이블,"문서명 / 단계(파싱→청킹→추출→적재 시각적 컬러 dot 진행) / 상태(완료·진행중·검수대기·실패) / 시작시간 / 소요시간 / 액션(로그·상세·검수하기·재시도·무시)",Y,,"예시 6건: 장비매뉴얼_v2(전단계완료/3분42초) / SOP_인쇄공정_v3(완료/2분18초) / 품질보고서_2026Q1(청킹중/진행중) / 설비점검_SOP_v3(OCR검수대기/검수하기→문서관리) / 원자재검사기준(파싱실패/재시도·무시) / 배치기록서_LOT2026-0312(완료/1분55초)"
,,,,,,,,,
,,,,,[운영 모니터링],,,,
135,설정,운영 모니터링,,,,,,,
136,설정,운영 모니터링,대시보드,,KPI 카드 (4개),"일일 토큰 사용량(148K 한도500K ▲+12K vs 어제) / 월간 비용($127.40 누적4.2M tokens ▲+$12.30) / RAG Faithfulness(0.91 목표0.90이상 ▲+0.03) / 평균 응답 시간(1.6초 목표2.0이하 ▼-0.2초)",Y,,
137,설정,운영 모니터링,성능 평가,,정량적 성능 평가 테이블 (Ragas),"지표 / 현재 점수 / 지난주 / 추이 / 목표 컬럼. 마지막 평가 시간 표시. 재평가 / 평가 이력 버튼",Y,,"예시 4건: Faithfulness(0.91/0.88/▲+0.03/목표0.90) / Answer Relevancy(0.87/0.85/▲+0.02/목표0.85) / Context Precision(0.82/0.84/▼-0.02/목표0.85→미달 노란색) / Context Recall(0.89/0.87/▲+0.02/목표0.85)"
,,,,,,,,,
,,,,,[에이전트],,,,
138,설정,에이전트,,,,,,,
139,설정,에이전트,에이전트 목록 탭,,,,,,
140,설정,에이전트,에이전트 목록 탭,에이전트 리스트 (좌측),Main Agent 카드,"AX Flow 메인 — 최상위 에이전트 / 메인 채팅. Skill 4 / Hook 2 / Cmd 3 표시. 항상 Active",,,
141,설정,에이전트,에이전트 목록 탭,에이전트 리스트 (좌측),Sub Agent 목록,"커스텀 에이전트 목록. 각각 T/V/K 파라미터·Skill/Hook/Cmd 수·상태(Active·Draft) 표시. + 새 에이전트 버튼",Y,,"예시 5건: 품질전문가 v2(T=0.3/V:0.65/K=5/Active/Skill2·Hook1·Cmd5) / 안전관리(T=0.5/V:0.50/K=8/Active) / 설비진단(T=0.2/V:0.30/K=3/Active) / 일반 도우미(T=0.7/V:0.70/K=10/Draft) / 글로벌 요약(T=0.4/V:0.40/K=15/Draft)"
142,설정,에이전트,에이전트 목록 탭,에이전트 상세 (우측) — 프롬프트 탭,에이전트명 입력,에이전트 이름 입력 필드,,,예시: 품질전문가 v2 (정밀)
143,설정,에이전트,에이전트 목록 탭,에이전트 상세 (우측) — 프롬프트 탭,페르소나 셀렉트,"제조 품질 전문가 v2 / 안전관리 어시스턴트 / 설비 진단 전문가 / 일반 도우미",,,
144,설정,에이전트,에이전트 목록 탭,에이전트 상세 (우측) — 프롬프트 탭,System 프롬프트 textarea,"시스템 프롬프트 편집 영역",Y,,예시: 당신은 제조 공장의 품질 관리 전문가입니다. SOP 문서와 장비 매뉴얼을 기반으로...
145,설정,에이전트,에이전트 목록 탭,에이전트 상세 (우측) — 프롬프트 탭,User 프롬프트 템플릿 textarea,"사용자 프롬프트 템플릿. {query} 변수 포함",,,예시: 다음 질문에 대해 관련 SOP/매뉴얼을 참조하여... 질문: {query}
146,설정,에이전트,에이전트 목록 탭,에이전트 상세 (우측) — 파라미터 탭,하이브리드 비중 슬라이더,"Vector(0~1) / Graph(0~1) 가중치 조절. 합계 1.0",Y,,예시: Vector 0.65 / Graph 0.35
147,설정,에이전트,에이전트 목록 탭,에이전트 상세 (우측) — 파라미터 탭,LLM 파라미터 슬라이더,"Temperature(0~1) / Top-P(0~1) 조절",,,예시: Temperature 0.3 / Top-P 0.9
148,설정,에이전트,에이전트 목록 탭,에이전트 상세 (우측) — 파라미터 탭,Retrieval 파라미터 슬라이더,"Top-K(1~20) / Score Threshold(0~1) 조절",,,예시: Top-K 5 / Score Threshold 0.70
149,설정,에이전트,에이전트 목록 탭,에이전트 상세 (우측) — Skill 탭,Skill 목록,"skill.md 기반 프롬프트. 활성 토글 / Skill명 / 파일명 / 설명 / 연결된 Tool·MCP 태그. + 새 Skill / 편집 버튼",Y,,"예시 4건: 불량 원인 분석(quality-analysis.md/ON/문서검색·DB조회·MES데이터·보고서생성) / 설비 점검 체크리스트(equip-checklist.md/ON/문서검색·DB조회) / SOP 개정 비교(sop-diff.md/ON/문서검색·그래프탐색) / 일일 생산 브리핑(daily-briefing.md/OFF/DB조회·MES데이터·ERP연동·보고서생성)"
150,설정,에이전트,에이전트 목록 탭,에이전트 상세 (우측) — Hooks 탭,Hooks 목록,"활성 토글 / Hook명 / 설명 / 시점(Before·After) 태그. 전체 관리 링크",Y,,"예시 3건: 응답 전—품질 규격 자동 첨부(Before/ON) / 응답 후—답변 로그 저장(After/ON) / 응답 후—Slack 알림 전송(After/OFF)"
151,설정,에이전트,에이전트 목록 탭,에이전트 상세 (우측) — Command 탭,Command 목록,"명령어 / 설명 / 활성 토글. + 새 커맨드 버튼",Y,,"예시 5건: /분석(품질 이슈 분석·원인-결과 도출/ON) / /요약(참조 문서 핵심 포인트 요약/ON) / /비교(두 문서·버전 간 차이점 비교/ON) / /점검(설비 점검 체크리스트 자동 생성/OFF) / /보고(대화 기반 보고서 초안 생성/OFF)"
152,설정,에이전트,에이전트 목록 탭,에이전트 상세 (우측),삭제 / 저장 버튼,에이전트 삭제(확인 필요) / 모든 탭 설정 통합 저장,,,
153,설정,에이전트,A/B 비교 테스트 탭,,,,,,
154,설정,에이전트,A/B 비교 테스트 탭,,에이전트 A 패널,"에이전트 셀렉트 + 채팅 영역 + 성능 지표(응답시간·토큰·Relevance)",Y,,예시: 품질전문가 v2 / 응답 1.2초 / 토큰 847 / Relevance 0.92
155,설정,에이전트,A/B 비교 테스트 탭,,에이전트 B 패널,"동일 구조. 다른 에이전트 선택 가능",Y,,예시: 안전관리 / 응답 1.8초 / 토큰 1124 / Relevance 0.78
156,설정,에이전트,A/B 비교 테스트 탭,,공통 입력창,"질문 입력 → 양쪽 에이전트에 동시 전송. 전송 버튼",Y,,
157,설정,에이전트,A/B 비교 테스트 탭,,비교 결과 요약 바,"에이전트 A vs B 비교 결과 한 줄 요약",,,예시: A가 정확도 +14% 우위 | B가 커버리지 +2건 우위 | A가 응답속도 0.6초 빠름
,,,,,,,,,
,,,,,[권한/RBAC],,,,
158,설정,권한/RBAC,,,,,,,
159,설정,권한/RBAC,권한 등급 관리 탭,,등급 테이블 (좌측),"등급 / 레벨(L4~L1) / 문서 접근 범위 / 그래프 접근 범위 / 사용자 수. + 등급 추가 / 편집 버튼",Y,,"예시 4건: Super Admin(L4/전체/전체/1명) / 관리자(L3/전체/전체/3명) / 편집자(L2/소속도메인/소속도메인/8명) / 뷰어(L1/허용문서만/허용노드만/24명)"
160,설정,권한/RBAC,권한 등급 관리 탭,,등급 이름 / 레벨 (우측),등급 이름 입력 / 접근 레벨 셀렉트(L1~L4),,,예시: 편집자 / L2
161,설정,권한/RBAC,권한 등급 관리 탭,,문서 접근 정책 토글,"소속 도메인 문서 전체접근(ON) / 타 도메인 일반 문서 읽기전용(ON) / 대외비(ON) / 기밀(OFF) / 극비(OFF)",,,5개 보안등급별 ON/OFF
162,설정,권한/RBAC,권한 등급 관리 탭,,그래프 접근 정책 토글,"소속 도메인 노드·엣지 편집 가능(ON) / 타 도메인 노드 읽기전용(OFF) / 기밀 엔티티(설비 비밀번호·IP 등)(OFF)",,,3개 항목
163,설정,권한/RBAC,권한 등급 관리 탭,,검색 제한 토글,"접근 불가 문서 완전 제외(ON) / 접근 불가 문서 존재만 표시(OFF) / 접근 불가 노드 파생 답변 차단(ON)",,,3개 항목
164,설정,권한/RBAC,권한 등급 관리 탭,,허용 동작 토글,"문서 업로드(ON) / 그래프 편집 CRUD(ON) / 검색·질의(ON) / 설정 변경(OFF) / 사용자 관리(OFF)",,,5개 항목
165,설정,권한/RBAC,권한 등급 관리 탭,,저장 / 등급 삭제 버튼,변경 저장 및 등급 삭제(소속 사용자 존재 시 삭제 불가),,,
166,설정,권한/RBAC,문서 접근 범위 탭,,문서명 검색 입력,문서명으로 검색,,,
167,설정,권한/RBAC,문서 접근 범위 탭,,보안등급 필터 셀렉트,전체 보안등급 / 일반 / 대외비 / 기밀 / 극비,,,
168,설정,권한/RBAC,문서 접근 범위 탭,,도메인 필터 셀렉트,전체 도메인 / 인쇄공정 / 포장공정 / 품질관리,,,
169,설정,권한/RBAC,문서 접근 범위 탭,,일괄 보안등급 변경 버튼,선택된 문서들의 보안등급 일괄 변경,,,
170,설정,권한/RBAC,문서 접근 범위 탭,,문서별 접근 매트릭스 테이블,"문서명 / 도메인 / 보안등급(일반·대외비·기밀·극비) / L4~L1 등급별 접근 상태(●전체접근·●제한접근·●읽기전용·●접근불가) 색상 dot. 편집 버튼",Y,,"예시 6건: 장비매뉴얼_v2(일반/L4~L2전체·L1읽기) / SOP_인쇄공정_v3(일반) / 품질감사_결과서(대외비/L2제한·L1불가) / 기밀_설비도면_v3(기밀/L2~L1불가) / 설비비밀번호_마스터시트(극비/L3제한·L2~L1불가) / 포장공정_작업지시서(일반/L2~L1읽기)"
171,설정,권한/RBAC,문서 접근 범위 탭,,보안등급 자동 매핑 안내,"보안등급 설정 → 추출된 그래프 노드에 동일 등급 자동 상속. 기밀 이상 문서의 노드는 L2 이하 검색에서 완전 제외",,,Callout(경고) 형태
172,설정,권한/RBAC,그래프 접근 범위 탭,,도메인 필터 셀렉트,전체 도메인 / 인쇄공정 / 포장공정 / 품질관리,,,
173,설정,권한/RBAC,그래프 접근 범위 탭,,노드 접근 범위 테이블,"엔티티명 / 타입 / 출처 보안등급 / 최소 접근 레벨(셀렉트 L1~L4) / 편집 버튼",Y,,"예시 6건: 프린터 헤드(장비/일반/L1) / 잉크 점도(원자재/일반/L1) / 인쇄 불량(이슈/일반/L1) / 설비 비밀번호(보안/극비/L4) / 서버 IP 목록(보안/기밀/L3) / 감사 지적사항(이슈/대외비/L2)"
174,설정,권한/RBAC,그래프 접근 범위 탭,,접근 범위 상속 규칙 토글,"규칙1: 출처 문서 보안등급 상속(ON) / 규칙2: 최고 등급 우선 Max-Level(ON) / 규칙3: 연결 노드 전파 Propagation(OFF) / 규칙4: 도메인 경계 격리(ON)",Y,,각 규칙별 설명 표시
175,설정,권한/RBAC,그래프 접근 범위 탭,,보안등급별 노드 통계,"일반(1,312개/71.0%) / 대외비(312개/16.9%) / 기밀(178개/9.6%) / 극비(45개/2.4%) 프로그레스 바",,,
176,설정,권한/RBAC,접근 감사 로그 탭,,발생일시 필터,"날짜 범위(시작~종료) + 빠른 선택(직접입력·1주일·1개월·3개월·6개월·1년)",,,
177,설정,권한/RBAC,접근 감사 로그 탭,,처리구분 체크박스,"전체 / 검색 / 탐색 / 편집 / 삭제 / 다운로드 — 복수 선택 가능",,,
178,설정,권한/RBAC,접근 감사 로그 탭,,검색키워드,"범위 셀렉트(전체·사용자·대상·사유) + 키워드 입력",,,
179,설정,권한/RBAC,접근 감사 로그 탭,,검색 / 초기화 / 다운로드 버튼,"필터 적용 검색 / 필터 초기화 / 로그 CSV 다운로드",,,
180,설정,권한/RBAC,접근 감사 로그 탭,,접근 이벤트 로그 테이블,"시간 / 사용자 / 권한(등급 태그) / 이벤트(검색·탐색·편집·삭제·다운로드·권한 변경) / 대상 / 결과(허용·차단·제한·완료 배지) / 사유",Y,,"예시 8건: 이품질(편집자)→기밀설비도면 검색→차단(L3이상 필요) / 이품질→장비매뉴얼 검색→허용(소속도메인) / 최사원(뷰어)→품질감사결과서 다운로드→차단(L1 접근불가) / 정설비(편집자)→포장공정 노드 탐색→제한(타도메인 읽기전용) / 김인턴(뷰어)→설비 비밀번호 노드 검색→차단(극비 L4전용) / 박QA팀장(관리자)→이품질 권한변경(뷰어→편집자)→완료 / 김인턴→서버IP 노드 검색→차단(기밀 L3이상) / 정설비→인쇄불량→프린터헤드 관계 편집→허용(소속도메인 일반노드)"
